{"cameraMode":{"drawMode":0,"name":"Shaded","section":"Shading Mode"},"sceneLighting":true,"audioPlay":false,"sceneViewState":{"showFog":true,"showMaterialUpdate":false,"showSkybox":true,"showFlares":true,"showImageEffects":true,"showParticleSystems":true},"in2DMode":false,"pivot":{"x":13.801277160644532,"y":-5.02401065826416,"z":16.55167579650879},"rotation":{"x":-0.1536393165588379,"y":-0.6762439608573914,"z":0.1473272740840912,"w":-0.7052743434906006},"size":9.19876766204834,"orthographic":false}